[
    {
        "id": 1,
        "icon": "icon fa fa-quote-left",
        "text": "Lorem ipsum dolor sit amet consectur adipisicing elit eiusmod tempor incididunt ut labore dolore magna aliqua.enim minim veniam.",
        "name": "Kamilah Longen"
    },
    {
        "id": 2,
        "icon": "icon fa fa-quote-left",
        "text": "Lorem ipsum dolor sit amet consectur adipisicing elit eiusmod tempor incididunt ut labore dolore magna aliqua.enim minim veniam.",
        "name": "Istiak Ahmed"
    },
    {
        "id": 3,
        "icon": "icon fa fa-quote-left",
        "text": "Lorem ipsum dolor sit amet consectur adipisicing elit eiusmod tempor incididunt ut labore dolore magna aliqua.enim minim veniam.",
        "name": "Cherlyn Ruddick"
    }
]