[
    {
        "id": 1,
        "thumb": "blog-1.jpg",
        "thumbMini": "blog-1-mini.jpg",
        "comments": 3,
        "authorIcon": "far fa-user",
        "date": "22 June 2024",
        "author": "Admin",
        "commentsIcon": "far fa-comments",
        "title": "Why Lead Generation Is Key For Business Growth",
        "text": "Lorem ipsum dolor sit amet, consectetur do adipisicing sed do eiusmtempor incididunt labore dolore magna aliqu enim ad minim veniam quis nostrud exercitation.",
        "btnText": "Read More",
        "btnLink": "blog-single"
    },
    {
        "id": 2,
        "thumb": "blog-2.jpg",
        "thumbMini": "blog-2-mini.jpg",
        "comments": 4,
        "authorIcon": "far fa-user",
        "date": "22 June 2024",
        "author": "Admin",
        "commentsIcon": "far fa-comments",
        "title": "How To Increase In-App Purchases In 2023",
        "text": "Lorem ipsum dolor sit amet, consectetur do adipisicing sed do eiusmtempor incididunt labore dolore magna aliqu enim ad minim veniam quis nostrud exercitation.",
        "btnText": "Read More",
        "btnLink": "blog-single"
    },
    {
        "id": 3,
        "thumb": "blog-3.jpg",
        "thumbMini": "blog-3-mini.jpg",
        "comments": 6,
        "authorIcon": "far fa-user",
        "date": "22 June 2024",
        "author": "Admin",
        "commentsIcon": "far fa-comments",
        "title": "Voxburner Launches Youth Trends Report",
        "text": "Lorem ipsum dolor sit amet, consectetur do adipisicing sed do eiusmtempor incididunt labore dolore magna aliqu enim ad minim veniam quis nostrud exercitation.",
        "btnText": "Read More",
        "btnLink": "blog-single"
    },
    {
        "id": 4,
        "thumb": "blog-4.jpg",
        "thumbMini": "blog-4-mini.jpg",
        "comments": 9,
        "authorIcon": "far fa-user",
        "date": "22 June 2024",
        "author": "Admin",
        "commentsIcon": "far fa-comments",
        "title": "International Conference on Art Business In 2023.",
        "text": "Lorem ipsum dolor sit amet, consectetur do adipisicing sed do eiusmtempor incididunt labore dolore magna aliqu enim ad minim veniam quis nostrud exercitation.",
        "btnText": "Read More",
        "btnLink": "blog-single"
    },
    {
        "id": 5,
        "thumb": "blog-2.jpg",
        "thumbMini": "blog-2-mini.jpg",
        "comments": 4,
        "authorIcon": "far fa-user",
        "date": "22 June 2024",
        "author": "Admin",
        "commentsIcon": "far fa-comments",
        "title": "How To Increase In-App Purchases In 2023.",
        "text": "Lorem ipsum dolor sit amet, consectetur do adipisicing sed do eiusmtempor incididunt labore dolore magna aliqu enim ad minim veniam quis nostrud exercitation.",
        "btnText": "Read More",
        "btnLink": "blog-single"
    },
    {
        "id": 6,
        "thumb": "blog-3.jpg",
        "thumbMini": "blog-3-mini.jpg",
        "comments": 6,
        "authorIcon": "far fa-user",
        "date": "22 June 2024",
        "author": "Admin",
        "commentsIcon": "far fa-comments",
        "title": "Why Lead Generation Is Key For Business Growth.",
        "text": "Lorem ipsum dolor sit amet, consectetur do adipisicing sed do eiusmtempor incididunt labore dolore magna aliqu enim ad minim veniam quis nostrud exercitation.",
        "btnText": "Read More",
        "btnLink": "blog-single"
    },
    {
        "id": 7,
        "thumb": "blog-1.jpg",
        "thumbMini": "blog-1-mini.jpg",
        "comments": 3,
        "authorIcon": "far fa-user",
        "date": "22 June 2024",
        "author": "Admin",
        "commentsIcon": "far fa-comments",
        "title": "Why Lead Generation Is Key For Business Growth.",
        "text": "Lorem ipsum dolor sit amet, consectetur do adipisicing sed do eiusmtempor incididunt labore dolore magna aliqu enim ad minim veniam quis nostrud exercitation.",
        "btnText": "Read More",
        "btnLink": "blog-single"
    },
    {
        "id": 8,
        "thumb": "blog-2.jpg",
        "thumbMini": "blog-2-mini.jpg",
        "comments": 9,
        "authorIcon": "far fa-user",
        "date": "22 June 2024",
        "author": "Admin",
        "commentsIcon": "far fa-comments",
        "title": "Voxburner Launches Youth Trends Report In 2023.",
        "text": "Lorem ipsum dolor sit amet, consectetur do adipisicing sed do eiusmtempor incididunt labore dolore magna aliqu enim ad minim veniam quis nostrud exercitation.",
        "btnText": "Read More",
        "btnLink": "blog-single"
    },
    {
        "id": 9,
        "thumb": "blog-3.jpg",
        "thumbMini": "blog-3-mini.jpg",
        "comments": 6,
        "authorIcon": "far fa-user",
        "date": "22 June 2024",
        "author": "Admin",
        "commentsIcon": "far fa-comments",
        "title": "Voxburner Launches Youth Trends Report In 2023.",
        "text": "Lorem ipsum dolor sit amet, consectetur do adipisicing sed do eiusmtempor incididunt labore dolore magna aliqu enim ad minim veniam quis nostrud exercitation.",
        "btnText": "Read More",
        "btnLink": "blog-single"
    },
    {
        "id": 10,
        "thumb": "blog-1.jpg",
        "thumbMini": "blog-1-mini.jpg",
        "comments": 3,
        "authorIcon": "far fa-user",
        "date": "22 June 2024",
        "author": "Admin",
        "commentsIcon": "far fa-comments",
        "title": "Why Lead Generation Is Key For Business Growth.",
        "text": "Lorem ipsum dolor sit amet, consectetur do adipisicing sed do eiusmtempor incididunt labore dolore magna aliqu enim ad minim veniam quis nostrud exercitation.",
        "btnText": "Read More",
        "btnLink": "blog-single"
    },
    {
        "id": 11,
        "thumb": "blog-2.jpg",
        "thumbMini": "blog-2-mini.jpg",
        "comments": 4,
        "authorIcon": "far fa-user",
        "date": "22 June 2024",
        "author": "Admin",
        "commentsIcon": "far fa-comments",
        "title": "How To Increase In-App Purchases In 2023.",
        "text": "Lorem ipsum dolor sit amet, consectetur do adipisicing sed do eiusmtempor incididunt labore dolore magna aliqu enim ad minim veniam quis nostrud exercitation.",
        "btnText": "Read More",
        "btnLink": "blog-single"
    },
    {
        "id": 12,
        "thumb": "blog-3.jpg",
        "thumbMini": "blog-3-mini.jpg",
        "comments": 9,
        "authorIcon": "far fa-user",
        "date": "22 June 2024",
        "author": "Admin",
        "commentsIcon": "far fa-comments",
        "title": "International Conference on Art Business In 2023.",
        "text": "Lorem ipsum dolor sit amet, consectetur do adipisicing sed do eiusmtempor incididunt labore dolore magna aliqu enim ad minim veniam quis nostrud exercitation.",
        "btnText": "Read More",
        "btnLink": "blog-single"
    },
    {
        "id": 13,
        "thumb": "blog-4.jpg",
        "thumbMini": "blog-4-mini.jpg",
        "comments": 6,
        "authorIcon": "far fa-user",
        "date": "22 June 2024",
        "author": "Admin",
        "commentsIcon": "far fa-comments",
        "title": "International Conference on Art Business",
        "text": "Lorem ipsum dolor sit amet, consectetur do adipisicing sed do eiusmtempor incididunt labore dolore magna aliqu enim ad minim veniam quis nostrud exercitation.",
        "btnText": "Read More",
        "btnLink": "blog-single"
    },
    {
        "id": 14,
        "thumb": "blog-2.jpg",
        "thumbMini": "blog-2-mini.jpg",
        "comments": 4,
        "authorIcon": "far fa-user",
        "date": "22 June 2024",
        "author": "Admin",
        "commentsIcon": "far fa-comments",
        "title": "How To Increase In-App Purchases In 2023.",
        "text": "Lorem ipsum dolor sit amet, consectetur do adipisicing sed do eiusmtempor incididunt labore dolore magna aliqu enim ad minim veniam quis nostrud exercitation.",
        "btnText": "Read More",
        "btnLink": "blog-single"
    },
    {
        "id": 15,
        "thumb": "blog-3.jpg",
        "thumbMini": "blog-3-mini.jpg",
        "comments": 9,
        "authorIcon": "far fa-user",
        "date": "22 June 2024",
        "author": "Admin",
        "commentsIcon": "far fa-comments",
        "title": "International Conference on Art Business In 2023.",
        "text": "Lorem ipsum dolor sit amet, consectetur do adipisicing sed do eiusmtempor incididunt labore dolore magna aliqu enim ad minim veniam quis nostrud exercitation.",
        "btnText": "Read More",
        "btnLink": "blog-single"
    },
    {
        "id": 16,
        "thumb": "news-1.jpg",
        "thumbMini": "blog-3-mini.jpg",
        "comments": 9,
        "authorIcon": "far fa-user",
        "date": "22 June 2024",
        "author": "Admin",
        "commentsIcon": "far fa-comments",
        "title": "International Conference on Art Business In 2023.",
        "text": "Lorem ipsum dolor sit amet, consectetur do adipisicing sed do eiusmtempor incididunt labore dolore magna aliqu enim ad minim veniam quis nostrud exercitation.",
        "btnText": "Read More",
        "btnLink": "blog-single",
        "animation": "fadeInRight",
        "delay": 0
    },
    {
        "id": 17,
        "thumb": "news-2.jpg",
        "thumbMini": "blog-3-mini.jpg",
        "comments": 9,
        "authorIcon": "far fa-user",
        "date": "24 June 2024",
        "author": "Admin",
        "commentsIcon": "far fa-comments",
        "title": "International Conference on Art Business In 2023.",
        "text": "Lorem ipsum dolor sit amet, consectetur do adipisicing sed do eiusmtempor incididunt labore dolore magna aliqu enim ad minim veniam quis nostrud exercitation.",
        "btnText": "Read More",
        "btnLink": "blog-single",
        "animation": "fadeInRight",
        "delay": 400
    },
    {
        "id": 18,
        "thumb": "news-3.jpg",
        "thumbMini": "blog-3-mini.jpg",
        "comments": 9,
        "authorIcon": "far fa-user",
        "date": "26 June 2024",
        "author": "Admin",
        "commentsIcon": "far fa-comments",
        "title": "International Conference on Art Business In 2023.",
        "text": "Lorem ipsum dolor sit amet, consectetur do adipisicing sed do eiusmtempor incididunt labore dolore magna aliqu enim ad minim veniam quis nostrud exercitation.",
        "btnText": "Read More",
        "btnLink": "blog-single",
        "animation": "fadeInRight",
        "delay": 800
    }
]