[
    {
        "id": 1,
        "thumb": "post-thumb-1.jpg",
        "date": "January 12, 2024",
        "title": "Why Lead Generation Is Key For Business."
    },
    {
        "id": 2,
        "thumb": "post-thumb-2.jpg",
        "date": "August 06, 2024",
        "title": "How To Increase In-App Purchases In 2023."
    },
    {
        "id": 3,
        "thumb": "post-thumb-3.jpg",
        "date": "March 10, 2024",
        "title": "Voxburner Launches Youth Trends Report."
    }
]