[
    {
        "id": 1,
        "clientThumb": "2-1.png"
    },
    {
        "id": 2,
        "clientThumb": "2-2.png"
    },
    {
        "id": 3,
        "clientThumb": "2-3.png"
    },
    {
        "id": 4,
        "clientThumb": "2-4.png"
    },
    {
        "id": 5,
        "clientThumb": "2-5.png"
    },
    {
        "id": 6,
        "clientThumb": "2-6.png"
    },
    {
        "id": 7,
        "clientThumb": "2-7.png"
    },
    {
        "id": 8,
        "clientThumb": "2-8.png"
    },
    {
        "id": 9,
        "clientThumb": "2-9.png"
    },
    {
        "id": 10,
        "clientThumb": "2-10.png"
    },
    {
        "id": 11,
        "clientThumb": "2-11.png"
    },
    {
        "id": 12,
        "clientThumb": "2-12.png"
    }
]