[
    {
        "id": 1,
        "tabClass": "show active",
        "tabId": "tab-1",
        "tabData": [
            {
                "id": 1,
                "eventThumb": "event-detail.jpg",
                "blockClass": "",
                "sessionStart": "9.00 AM",
                "sessionEnd": "10.00 AM",
                "speakerThumb": "thumb-1.jpg",
                "name": "Ashli Scroggy",
                "designation": "Founder & CEO",
                "title": "Modern Marketing Summit Sydney 2018",
                "text": "Lorem ipsum dolor sit amet, consectetur adipisicing elit, sed do eiusmtempor incididunt labore et",
                "btnLink": "event-detail",
                "btnText": "Read More"
            },
            {
                "id": 2,
                "eventThumb": "event-detail-2.jpg",
                "blockClass": "even",
                "sessionStart": "10.00 AM",
                "sessionEnd": "11.00 AM",
                "speakerThumb": "thumb-2.jpg",
                "name": "Ashli Scroggy",
                "designation": "Technology Officer",
                "title": "Digital Triumphs in Sydney 2018",
                "text": "Lorem ipsum dolor sit amet, consectetur adipisicing elit, sed do eiusmtempor incididunt labore et",
                "btnLink": "event-detail",
                "btnText": "Read More"
            },
            {
                "id": 3,
                "eventThumb": "event-detail-3.jpg",
                "blockClass": "",
                "sessionStart": "11.00 AM",
                "sessionEnd": "12.00 AM",
                "speakerThumb": "thumb-1.jpg",
                "name": "Ashli Scroggy",
                "designation": "Operations Officer",
                "title": "Innovate. Elevate. Captivate Sydney 2018",
                "text": "Lorem ipsum dolor sit amet, consectetur adipisicing elit, sed do eiusmtempor incididunt labore et",
                "btnLink": "event-detail",
                "btnText": "Read More"
            },
            {
                "id": 4,
                "eventThumb": "event-detail-4.jpg",
                "blockClass": "even",
                "sessionStart": "12.00 AM",
                "sessionEnd": "13.00 AM",
                "speakerThumb": "thumb-2.jpg",
                "name": "Ashli Scroggy",
                "designation": "Information Officer",
                "title": "Revolutionizing Marketing in Sydney 2018",
                "text": "Lorem ipsum dolor sit amet, consectetur adipisicing elit, sed do eiusmtempor incididunt labore et",
                "btnLink": "event-detail",
                "btnText": "Read More"
            }
        ]
    },
    {
        "id": 2,
        "tabClass": "",
        "tabId": "tab-2",
        "tabData": [
            {
                "id": 1,
                "eventThumb": "event-detail.jpg",
                "blockClass": "",
                "sessionStart": "9.00 AM",
                "sessionEnd": "10.00 AM",
                "speakerThumb": "thumb-1.jpg",
                "name": "Ashli Scroggy",
                "designation": "Founder & CEO",
                "title": "Modern Marketing Summit Sydney 2022",
                "text": "Lorem ipsum dolor sit amet, consectetur adipisicing elit, sed do eiusmtempor incididunt labore et",
                "btnLink": "event-detail",
                "btnText": "Read More"
            },
            {
                "id": 2,
                "eventThumb": "event-detail-2.jpg",
                "blockClass": "even",
                "sessionStart": "10.00 AM",
                "sessionEnd": "11.00 AM",
                "speakerThumb": "thumb-2.jpg",
                "name": "Emily Smith",
                "designation": "Product Officer",
                "title": "Digital Triumphs in Sydney 2022",
                "text": "Lorem ipsum dolor sit amet, consectetur adipisicing elit, sed do eiusmtempor incididunt labore et",
                "btnLink": "event-detail",
                "btnText": "Read More"
            },
            {
                "id": 3,
                "eventThumb": "event-detail-3.jpg",
                "blockClass": "",
                "sessionStart": "11.00 AM",
                "sessionEnd": "12.00 AM",
                "speakerThumb": "thumb-1.jpg",
                "name": "Olivia Johnson",
                "designation": "Data Officer",
                "title": "Innovate. Elevate. Captivate Sydney 2022",
                "text": "Lorem ipsum dolor sit amet, consectetur adipisicing elit, sed do eiusmtempor incididunt labore et",
                "btnLink": "event-detail",
                "btnText": "Read More"
            },
            {
                "id": 4,
                "eventThumb": "event-detail-4.jpg",
                "blockClass": "even",
                "sessionStart": "12.00 AM",
                "sessionEnd": "13.00 AM",
                "speakerThumb": "thumb-2.jpg",
                "name": "Ava Williams",
                "designation": "Security Officer",
                "title": "Revolutionizing Marketing in Sydney 2022",
                "text": "Lorem ipsum dolor sit amet, consectetur adipisicing elit, sed do eiusmtempor incididunt labore et",
                "btnLink": "event-detail",
                "btnText": "Read More"
            }
        ]
    },
    {
        "id": 3,
        "tabClass": "",
        "tabId": "tab-3",
        "tabData": [
            {
                "id": 1,
                "eventThumb": "event-detail.jpg",
                "blockClass": "",
                "sessionStart": "9.00 AM",
                "sessionEnd": "10.00 AM",
                "speakerThumb": "thumb-1.jpg",
                "name": "Mia Taylor",
                "designation": "Digital Officer",
                "title": "Modern Marketing Summit Sydney 2023",
                "text": "Lorem ipsum dolor sit amet, consectetur adipisicing elit, sed do eiusmtempor incididunt labore et",
                "btnLink": "event-detail",
                "btnText": "Read More"
            },
            {
                "id": 2,
                "eventThumb": "event-detail-2.jpg",
                "blockClass": "even",
                "sessionStart": "10.00 AM",
                "sessionEnd": "11.00 AM",
                "speakerThumb": "thumb-2.jpg",
                "name": "Sophia Brown",
                "designation": "Architect Officer",
                "title": "Digital Triumphs in Sydney 2023",
                "text": "Lorem ipsum dolor sit amet, consectetur adipisicing elit, sed do eiusmtempor incididunt labore et",
                "btnLink": "event-detail",
                "btnText": "Read More"
            },
            {
                "id": 3,
                "eventThumb": "event-detail-3.jpg",
                "blockClass": "",
                "sessionStart": "11.00 AM",
                "sessionEnd": "12.00 AM",
                "speakerThumb": "thumb-1.jpg",
                "name": "Chloe Wilson",
                "designation": "Strategy Office",
                "title": "Innovate. Elevate. Captivate Sydney 2023",
                "text": "Lorem ipsum dolor sit amet, consectetur adipisicing elit, sed do eiusmtempor incididunt labore et",
                "btnLink": "event-detail",
                "btnText": "Read More"
            },
            {
                "id": 4,
                "eventThumb": "event-detail-4.jpg",
                "blockClass": "even",
                "sessionStart": "12.00 AM",
                "sessionEnd": "13.00 AM",
                "speakerThumb": "thumb-2.jpg",
                "name": "Isabella Davis",
                "designation": "Development Officer",
                "title": "Revolutionizing Marketing in Sydney 2023",
                "text": "Lorem ipsum dolor sit amet, consectetur adipisicing elit, sed do eiusmtempor incididunt labore et",
                "btnLink": "event-detail",
                "btnText": "Read More"
            }
        ]
    },
    {
        "id": 4,
        "tabClass": "",
        "tabId": "tab-4",
        "tabData": [
            {
                "id": 1,
                "eventThumb": "event-detail.jpg",
                "blockClass": "",
                "sessionStart": "9.00 AM",
                "sessionEnd": "10.00 AM",
                "speakerThumb": "thumb-1.jpg",
                "name": "Grace Anderson",
                "designation": "Marketing Officer",
                "title": "Modern Marketing Summit Sydney 2024",
                "text": "Lorem ipsum dolor sit amet, consectetur adipisicing elit, sed do eiusmtempor incididunt labore et",
                "btnLink": "event-detail",
                "btnText": "Read More"
            },
            {
                "id": 2,
                "eventThumb": "event-detail-2.jpg",
                "blockClass": "even",
                "sessionStart": "10.00 AM",
                "sessionEnd": "11.00 AM",
                "speakerThumb": "thumb-2.jpg",
                "name": "Ruby Harris",
                "designation": "Financial Officer",
                "title": "Digital Triumphs in Sydney 2024",
                "text": "Lorem ipsum dolor sit amet, consectetur adipisicing elit, sed do eiusmtempor incididunt labore et",
                "btnLink": "event-detail",
                "btnText": "Read More"
            },
            {
                "id": 3,
                "eventThumb": "event-detail-3.jpg",
                "blockClass": "",
                "sessionStart": "11.00 AM",
                "sessionEnd": "12.00 AM",
                "speakerThumb": "thumb-1.jpg",
                "name": "Zoe Martin",
                "designation": "Experience Officer",
                "title": "Innovate. Elevate. Captivate Sydney 2024",
                "text": "Lorem ipsum dolor sit amet, consectetur adipisicing elit, sed do eiusmtempor incididunt labore et",
                "btnLink": "event-detail",
                "btnText": "Read More"
            },
            {
                "id": 4,
                "eventThumb": "event-detail-4.jpg",
                "blockClass": "even",
                "sessionStart": "12.00 AM",
                "sessionEnd": "13.00 AM",
                "speakerThumb": "thumb-2.jpg",
                "name": "Charlotte Evans",
                "designation": "Automation Officer",
                "title": "Revolutionizing Marketing in Sydney 2024",
                "text": "Lorem ipsum dolor sit amet, consectetur adipisicing elit, sed do eiusmtempor incididunt labore et",
                "btnLink": "event-detail",
                "btnText": "Read More"
            }
        ]
    }
]