[
    {
        "id": 1,
        "thumb": "1.jpg",
        "icon": "icon fa fa-expand-arrows-alt",
        "animation": "fadeIn"
    },
    {
        "id": 2,
        "thumb": "2.jpg",
        "icon": "icon fa fa-expand-arrows-alt",
        "animation": "fadeIn"
    },
    {
        "id": 3,
        "thumb": "3.jpg",
        "icon": "icon fa fa-expand-arrows-alt",
        "animation": "fadeIn"
    },
    {
        "id": 4,
        "thumb": "4.jpg",
        "icon": "icon fa fa-expand-arrows-alt",
        "animation": "fadeIn"
    },
    {
        "id": 5,
        "thumb": "5.jpg",
        "icon": "icon fa fa-expand-arrows-alt",
        "animation": "fadeIn"
    },
    {
        "id": 6,
        "thumb": "6.jpg",
        "icon": "icon fa fa-expand-arrows-alt",
        "animation": "fadeIn"
    },
    {
        "id": 7,
        "thumb": "3.jpg",
        "icon": "icon fa fa-expand-arrows-alt",
        "animation": "fadeIn"
    },
    {
        "id": 8,
        "thumb": "4.jpg",
        "icon": "icon fa fa-expand-arrows-alt",
        "animation": "fadeIn"
    },
    {
        "id": 9,
        "thumb": "5.jpg",
        "icon": "icon fa fa-expand-arrows-alt",
        "animation": "fadeIn"
    },
    {
        "id": 10,
        "thumb": "6.jpg",
        "icon": "icon fa fa-expand-arrows-alt",
        "animation": "fadeIn"
    },
    {
        "id": 11,
        "thumb": "1.jpg",
        "icon": "icon fa fa-expand-arrows-alt",
        "animation": "fadeIn"
    },
    {
        "id": 12,
        "thumb": "2.jpg",
        "icon": "icon fa fa-expand-arrows-alt",
        "animation": "fadeIn"
    },
    {
        "id": 13,
        "thumb": "4.jpg",
        "icon": "icon fa fa-expand-arrows-alt",
        "animation": "fadeIn"
    },
    {
        "id": 14,
        "thumb": "5.jpg",
        "icon": "icon fa fa-expand-arrows-alt",
        "animation": "fadeIn"
    },
    {
        "id": 15,
        "thumb": "6.jpg",
        "icon": "icon fa fa-expand-arrows-alt",
        "animation": "fadeIn"
    },
    {
        "id": 16,
        "thumb": "2.jpg",
        "icon": "icon fa fa-expand-arrows-alt",
        "animation": "fadeIn"
    },
    {
        "id": 17,
        "thumb": "3.jpg",
        "icon": "icon fa fa-expand-arrows-alt",
        "animation": "fadeIn"
    },
    {
        "id": 18,
        "thumb": "4.jpg",
        "icon": "icon fa fa-expand-arrows-alt",
        "animation": "fadeIn"
    },
    {
        "id": 19,
        "thumb": "5.jpg",
        "icon": "icon fa fa-expand-arrows-alt",
        "animation": "fadeIn"
    },
    {
        "id": 20,
        "thumb": "1.jpg",
        "icon": "icon fa fa-expand-arrows-alt",
        "animation": "fadeIn"
    },
    {
        "id": 21,
        "thumb": "6.jpg",
        "icon": "icon fa fa-expand-arrows-alt",
        "animation": "fadeIn"
    },
    {
        "id": 22,
        "thumb": "3.jpg",
        "icon": "icon fa fa-expand-arrows-alt",
        "animation": "fadeIn"
    },
    {
        "id": 23,
        "thumb": "4.jpg",
        "icon": "icon fa fa-expand-arrows-alt",
        "animation": "fadeIn"
    },
    {
        "id": 24,
        "thumb": "5.jpg",
        "icon": "icon fa fa-expand-arrows-alt",
        "animation": "fadeIn"
    },
    {
        "id": 25,
        "thumb": "6.jpg",
        "icon": "icon fa fa-expand-arrows-alt",
        "animation": "fadeIn"
    },
    {
        "id": 26,
        "thumb": "1.jpg",
        "icon": "icon fa fa-expand-arrows-alt",
        "animation": "fadeIn"
    },
    {
        "id": 27,
        "thumb": "2.jpg",
        "icon": "icon fa fa-expand-arrows-alt",
        "animation": "fadeIn"
    },
    {
        "id": 28,
        "thumb": "4.jpg",
        "icon": "icon fa fa-expand-arrows-alt",
        "animation": "fadeIn"
    },
    {
        "id": 29,
        "thumb": "5.jpg",
        "icon": "icon fa fa-expand-arrows-alt",
        "animation": "fadeIn"
    },
    {
        "id": 30,
        "thumb": "6.jpg",
        "icon": "icon fa fa-expand-arrows-alt",
        "animation": "fadeIn"
    },
    {
        "id": 31,
        "thumb": "2.jpg",
        "icon": "icon fa fa-expand-arrows-alt",
        "animation": "fadeIn"
    },
    {
        "id": 32,
        "thumb": "3.jpg",
        "icon": "icon fa fa-expand-arrows-alt",
        "animation": "fadeIn"
    },
    {
        "id": 33,
        "thumb": "6.jpg",
        "icon": "icon fa fa-expand-arrows-alt",
        "animation": "fadeIn"
    }
]