[
    {
        "id": 1,
        "icon": "icon flaticon-paper-plane",
        "title": "Day Pass",
        "price": 35.99,
        "list1": "Conference Tickets",
        "list1Class": "true",
        "list2": "Free Lunch And Coffee",
        "list2Class": "true",
        "list3": "Certificate",
        "list3Class": "true",
        "list4": "Easy Access",
        "list4Class": "false",
        "list5": "Free Contacts",
        "list5Class": "false",
        "btnLink": "buy-ticket",
        "btnText": "BUY Ticket",
        "animation": "fadeInUp",
        "delay": 0
    },
    {
        "id": 2,
        "icon": "icon flaticon-paper-plane",
        "title": "Day Pass",
        "price": 35.99,
        "list1": "Conference Tickets",
        "list1Class": "true",
        "list2": "Free Lunch And Coffee",
        "list2Class": "true",
        "list3": "Certificate",
        "list3Class": "true",
        "list4": "Easy Access",
        "list4Class": "false",
        "list5": "Free Contacts",
        "list5Class": "false",
        "btnLink": "buy-ticket",
        "btnText": "BUY Ticket",
        "animation": "fadeInUp",
        "delay": 400
    },
    {
        "id": 3,
        "icon": "icon flaticon-paper-plane",
        "title": "Day Pass",
        "price": 35.99,
        "list1": "Conference Tickets",
        "list1Class": "true",
        "list2": "Free Lunch And Coffee",
        "list2Class": "true",
        "list3": "Certificate",
        "list3Class": "true",
        "list4": "Easy Access",
        "list4Class": "false",
        "list5": "Free Contacts",
        "list5Class": "false",
        "btnLink": "buy-ticket",
        "btnText": "BUY Ticket",
        "animation": "fadeInUp",
        "delay": 400
    }
]